{"cameraMode":{"drawMode":0,"name":"Shaded","section":"Shading Mode"},"sceneLighting":true,"audioPlay":false,"sceneViewState":{"m_AlwaysRefresh":false,"showFog":true,"showSkybox":false,"showFlares":true,"showImageEffects":true,"showParticleSystems":true,"showVisualEffectGraphs":true,"m_FxEnabled":true},"in2DMode":false,"pivot":{"x":11.953967094421387,"y":8.742942810058594,"z":3.8012311458587648},"rotation":{"x":0.0256826039403677,"y":-0.7563398480415344,"z":0.029748860746622087,"w":0.6530401706695557},"size":1.7320507764816285,"orthographic":false}