{"cameraMode":{"drawMode":0,"name":"Shaded","section":"Shading Mode"},"sceneLighting":true,"audioPlay":false,"sceneViewState":{"m_AlwaysRefresh":false,"showFog":true,"showSkybox":true,"showFlares":true,"showImageEffects":true,"showParticleSystems":true,"showVisualEffectGraphs":true,"m_FxEnabled":true},"in2DMode":false,"pivot":{"x":5.161440849304199,"y":0.38204503059387209,"z":-0.9274970293045044},"rotation":{"x":-0.13051310181617738,"y":0.5048636198043823,"z":-0.07754025608301163,"w":-0.849751353263855},"size":3.9870221614837648,"orthographic":false}