{"cameraMode":{"drawMode":0,"name":"Shaded","section":"Shading Mode"},"sceneLighting":false,"audioPlay":false,"sceneViewState":{"m_AlwaysRefresh":false,"showFog":true,"showSkybox":false,"showFlares":true,"showImageEffects":true,"showParticleSystems":true,"showVisualEffectGraphs":true,"m_FxEnabled":true},"in2DMode":false,"pivot":{"x":16.280000686645509,"y":7.21999979019165,"z":2.069999933242798},"rotation":{"x":-0.3497547209262848,"y":0.003368513425812125,"z":-0.0012602555798366666,"w":-0.9368388652801514},"size":0.4330126941204071,"orthographic":false}