{"cameraMode":{"drawMode":0,"name":"Shaded","section":"Shading Mode"},"sceneLighting":true,"audioPlay":false,"sceneViewState":{"m_AlwaysRefresh":false,"showFog":true,"showSkybox":true,"showFlares":true,"showImageEffects":true,"showParticleSystems":true,"showVisualEffectGraphs":true,"m_FxEnabled":true},"in2DMode":false,"pivot":{"x":1.4112019538879395,"y":0.17038726806640626,"z":1.3944339752197266},"rotation":{"x":-0.19844286143779756,"y":-0.01999572105705738,"z":0.00405046995729208,"w":-0.9799103140830994},"size":36.719810485839847,"orthographic":false}